{
  "orcnn": {
    "AP": {
      "mean": 0.1272668694190723,
      "std": 0.001611774195028505
    },
    "AP50": {
      "mean": 0.2606198933402418,
      "std": 0.0030557117897690024
    },
    "AP75": {
      "mean": 0.12385377912824108,
      "std": 0.0015434588058744114
    },
    "Precision": {
      "mean": 0.6328561712588877,
      "std": 0.0017757869621902725
    },
    "Recall": {
      "mean": 0.5724648500684335,
      "std": 0.0003810723611077242
    },
    "APs": {
      "mean": 0.12337863203024364,
      "std": 0.0015959029030250763
    },
    "APm": {
      "mean": 0.17469273028563057,
      "std": 0.0015017070244022941
    },
    "APl": {
      "mean": 0.14396612261069675,
      "std": 0.0013867053368755977
    },
    "AR1": {
      "mean": 0.013333333333333334,
      "std": 4.612107252171346e-05
    },
    "AR10": {
      "mean": 0.07462112728630085,
      "std": 0.00016066672095051406
    },
    "AR100": {
      "mean": 0.2394040064700759,
      "std": 0.00027808814323152306
    },
    "ARs": {
      "mean": 0.19539801574363036,
      "std": 0.00020167413953302543
    },
    "ARm": {
      "mean": 0.4159306509649984,
      "std": 0.0016507248760948598
    },
    "ARl": {
      "mean": 0.4464601769911504,
      "std": 0.0034464075060612817
    }
  },
  "s2anet": {
    "AP": {
      "mean": 0.1208323980576405,
      "std": 0.0004304516594047474
    },
    "AP50": {
      "mean": 0.2621805649379225,
      "std": 0.0026043679367632818
    },
    "AP75": {
      "mean": 0.11197955196796684,
      "std": 0.0012707260835308814
    },
    "Precision": {
      "mean": 0.6064369891814546,
      "std": 0.003996350695129525
    },
    "Recall": {
      "mean": 0.5727510265024263,
      "std": 0.008259615257149326
    },
    "APs": {
      "mean": 0.11313169586019638,
      "std": 0.0032284455788881925
    },
    "APm": {
      "mean": 0.17871927090941875,
      "std": 0.004906575407751398
    },
    "APl": {
      "mean": 0.11528569995800005,
      "std": 0.0024729598875894436
    },
    "AR1": {
      "mean": 0.013403011073783751,
      "std": 0.00013881005618211276
    },
    "AR10": {
      "mean": 0.07187632201070052,
      "std": 0.00037496609373564795
    },
    "AR100": {
      "mean": 0.23071792957571233,
      "std": 0.0010662231767907483
    },
    "ARs": {
      "mean": 0.18766593693232103,
      "std": 0.0012557685018494715
    },
    "ARm": {
      "mean": 0.4059993457638207,
      "std": 0.003986741568308612
    },
    "ARl": {
      "mean": 0.3820058997050147,
      "std": 0.008792836909019984
    }
  },
  "yolov8_obb": {
    "AP": {
      "mean": 0.40137255150813606,
      "std": 0.0013526005593426326
    },
    "AP50": {
      "mean": 0.5805959389030265,
      "std": 0.004709505973060611
    },
    "AP75": {
      "mean": 0.48701639889137766,
      "std": 0.0017378861790349955
    },
    "Precision": {
      "mean": 0.9435542352682784,
      "std": 0.0028576513489394976
    },
    "Recall": {
      "mean": 0.8434783018338946,
      "std": 0.0007478637025643112
    },
    "APs": {
      "mean": 0.35356346840645464,
      "std": 0.0026004483839902398
    },
    "APm": {
      "mean": 0.6301762603949956,
      "std": 0.006725016622082802
    },
    "APl": {
      "mean": 0.34018451761157326,
      "std": 0.005305798949825216
    },
    "AR1": {
      "mean": 0.023048401144705733,
      "std": 7.467545645451675e-05
    },
    "AR10": {
      "mean": 0.12210899589399027,
      "std": 0.0005344204037306797
    },
    "AR100": {
      "mean": 0.43673758865248224,
      "std": 0.0011634685526311216
    },
    "ARs": {
      "mean": 0.37231512102721753,
      "std": 0.0019312336692801854
    },
    "ARm": {
      "mean": 0.7043245011449134,
      "std": 0.00585151267241077
    },
    "ARl": {
      "mean": 0.5293510324483776,
      "std": 0.011460850843694692
    }
  },
  "yolov11_obb": {
    "AP": {
      "mean": 0.4011661619608174,
      "std": 0.0029629423788946913
    },
    "AP50": {
      "mean": 0.5813677577865057,
      "std": 0.004749830048694263
    },
    "AP75": {
      "mean": 0.4801925250799525,
      "std": 0.004752940654434002
    },
    "Precision": {
      "mean": 0.9431599421685251,
      "std": 0.001385130769327061
    },
    "Recall": {
      "mean": 0.8480225975475061,
      "std": 0.0023098264958391775
    },
    "APs": {
      "mean": 0.35386345830854005,
      "std": 0.004275462774451984
    },
    "APm": {
      "mean": 0.6369601075154425,
      "std": 0.0010366164149026177
    },
    "APl": {
      "mean": 0.33885641212798867,
      "std": 0.011904064013751818
    },
    "AR1": {
      "mean": 0.023080751524200572,
      "std": 0.00025053553213693226
    },
    "AR10": {
      "mean": 0.12223839741196964,
      "std": 0.0007674644198633213
    },
    "AR100": {
      "mean": 0.4377280079631703,
      "std": 0.0024236398652656478
    },
    "ARs": {
      "mean": 0.3722359370875837,
      "std": 0.00437094932039267
    },
    "ARm": {
      "mean": 0.709473339875695,
      "std": 0.005258431176230354
    },
    "ARl": {
      "mean": 0.5358407079646018,
      "std": 0.031202273184511086
    }
  },
  "yolov26_obb": {
    "AP": {
      "mean": 0.3828932634209877,
      "std": 0.0012471894678369125
    },
    "AP50": {
      "mean": 0.5673551210696824,
      "std": 0.00019333024718368606
    },
    "AP75": {
      "mean": 0.4620364259469208,
      "std": 0.0008473841669424574
    },
    "Precision": {
      "mean": 0.9320675321699383,
      "std": 0.0025437454037492806
    },
    "Recall": {
      "mean": 0.8201379457434884,
      "std": 0.0014613017985459647
    },
    "APs": {
      "mean": 0.34093754160881673,
      "std": 0.0022799778106866817
    },
    "APm": {
      "mean": 0.5786856267019501,
      "std": 0.004658864110844065
    },
    "APl": {
      "mean": 0.33099038644377593,
      "std": 0.013549240554630363
    },
    "AR1": {
      "mean": 0.02238521836506159,
      "std": 8.495563028548796e-05
    },
    "AR10": {
      "mean": 0.11657956949110365,
      "std": 0.0006103248643127411
    },
    "AR100": {
      "mean": 0.4195334079880553,
      "std": 0.0016070053892138635
    },
    "ARs": {
      "mean": 0.36098715978076923,
      "std": 0.002802387619047078
    },
    "ARm": {
      "mean": 0.6613673536146548,
      "std": 0.0033693988956792135
    },
    "ARl": {
      "mean": 0.5387905604719764,
      "std": 0.014984844256210947
    }
  }
}