{
  "model": "orcnn",
  "seeds": [
    42,
    123,
    456
  ],
  "metrics": {
    "AP": {
      "mean": 0.1272668694190723,
      "std": 0.001611774195028505
    },
    "AP50": {
      "mean": 0.2606198933402418,
      "std": 0.0030557117897690024
    },
    "AP75": {
      "mean": 0.12385377912824108,
      "std": 0.0015434588058744114
    },
    "Precision": {
      "mean": 0.6328561712588877,
      "std": 0.0017757869621902725
    },
    "Recall": {
      "mean": 0.5724648500684335,
      "std": 0.0003810723611077242
    },
    "APs": {
      "mean": 0.12337863203024364,
      "std": 0.0015959029030250763
    },
    "APm": {
      "mean": 0.17469273028563057,
      "std": 0.0015017070244022941
    },
    "APl": {
      "mean": 0.14396612261069675,
      "std": 0.0013867053368755977
    },
    "AR1": {
      "mean": 0.013333333333333334,
      "std": 4.612107252171346e-05
    },
    "AR10": {
      "mean": 0.07462112728630085,
      "std": 0.00016066672095051406
    },
    "AR100": {
      "mean": 0.2394040064700759,
      "std": 0.00027808814323152306
    },
    "ARs": {
      "mean": 0.19539801574363036,
      "std": 0.00020167413953302543
    },
    "ARm": {
      "mean": 0.4159306509649984,
      "std": 0.0016507248760948598
    },
    "ARl": {
      "mean": 0.4464601769911504,
      "std": 0.0034464075060612817
    }
  },
  "per_seed": {
    "42": {
      "AP": 0.12656264068582387,
      "AP50": 0.2580494775610415,
      "AP75": 0.1258226955727033,
      "APs": 0.12562914690946267,
      "APm": 0.1765255712055478,
      "APl": 0.14270220391670027,
      "AR1": 0.013314669652855543,
      "AR10": 0.07465845464725643,
      "AR100": 0.2395931317655841,
      "ARs": 0.195668172714146,
      "ARm": 0.41595682041216886,
      "ARl": 0.44424778761061956,
      "Precision": 0.6306432363471748,
      "Recall": 0.5720044792833147,
      "F1": 0.5998943021002565,
      "best_conf_threshold": 0.49999999999999994
    },
    "123": {
      "AP": 0.12949642100224734,
      "AP50": 0.25889664916030053,
      "AP75": 0.12205327945228868,
      "APs": 0.12210590867038096,
      "APm": 0.1747053989507921,
      "APl": 0.1432995020840624,
      "AR1": 0.01339678984695782,
      "AR10": 0.07479656588279208,
      "AR100": 0.23960806270996643,
      "ARs": 0.19518375331873866,
      "ARm": 0.4179391560353287,
      "ARl": 0.44380530973451326,
      "Precision": 0.6329343788691705,
      "Recall": 0.5724524076147817,
      "F1": 0.6011760094080754,
      "best_conf_threshold": 0.5499999999999999
    },
    "456": {
      "AP": 0.12574154656914566,
      "AP50": 0.2649135532993835,
      "AP75": 0.12368536235973127,
      "APs": 0.12240084051088729,
      "APm": 0.1728472207005518,
      "APl": 0.14589666183132755,
      "AR1": 0.013288540500186638,
      "AR10": 0.07440836132885406,
      "AR100": 0.23901082493467712,
      "ARs": 0.19534212119800645,
      "ARm": 0.41389597644749754,
      "ARl": 0.4513274336283185,
      "Precision": 0.6349908985603178,
      "Recall": 0.5729376633072042,
      "F1": 0.6023703936266238,
      "best_conf_threshold": 0.5499999999999999
    }
  }
}