{
  "model": "s2anet",
  "seeds": [
    42,
    123,
    456
  ],
  "metrics": {
    "AP": {
      "mean": 0.1208323980576405,
      "std": 0.0004304516594047474
    },
    "AP50": {
      "mean": 0.2621805649379225,
      "std": 0.0026043679367632818
    },
    "AP75": {
      "mean": 0.11197955196796684,
      "std": 0.0012707260835308814
    },
    "Precision": {
      "mean": 0.6064369891814546,
      "std": 0.003996350695129525
    },
    "Recall": {
      "mean": 0.5727510265024263,
      "std": 0.008259615257149326
    },
    "APs": {
      "mean": 0.11313169586019638,
      "std": 0.0032284455788881925
    },
    "APm": {
      "mean": 0.17871927090941875,
      "std": 0.004906575407751398
    },
    "APl": {
      "mean": 0.11528569995800005,
      "std": 0.0024729598875894436
    },
    "AR1": {
      "mean": 0.013403011073783751,
      "std": 0.00013881005618211276
    },
    "AR10": {
      "mean": 0.07187632201070052,
      "std": 0.00037496609373564795
    },
    "AR100": {
      "mean": 0.23071792957571233,
      "std": 0.0010662231767907483
    },
    "ARs": {
      "mean": 0.18766593693232103,
      "std": 0.0012557685018494715
    },
    "ARm": {
      "mean": 0.4059993457638207,
      "std": 0.003986741568308612
    },
    "ARl": {
      "mean": 0.3820058997050147,
      "std": 0.008792836909019984
    }
  },
  "per_seed": {
    "42": {
      "AP": 0.12121732079704213,
      "AP50": 0.2623068346172498,
      "AP75": 0.1135908556347924,
      "APs": 0.11549466736719026,
      "APm": 0.1745516218501376,
      "APl": 0.1181369398823476,
      "AR1": 0.013467711832773423,
      "AR10": 0.07239641657334828,
      "AR100": 0.23217618514371036,
      "ARs": 0.1884950393590759,
      "ARm": 0.4097939156035328,
      "ARl": 0.3915929203539823,
      "Precision": 0.6008160093258209,
      "Recall": 0.5771556550951847,
      "F1": 0.5887482151356497,
      "best_conf_threshold": 0.3
    },
    "123": {
      "AP": 0.1202315143450823,
      "AP50": 0.2589296188583761,
      "AP75": 0.11048477566175943,
      "APs": 0.10856693277153824,
      "APm": 0.17599843631099096,
      "APl": 0.1156139668447406,
      "AR1": 0.01353116834639791,
      "AR10": 0.07170586039567003,
      "AR100": 0.22965658827920862,
      "ARs": 0.18589128510876146,
      "ARm": 0.40771344455348385,
      "ARl": 0.38407079646017694,
      "Precision": 0.6087379033890756,
      "Recall": 0.5611795446061963,
      "F1": 0.5839920756695866,
      "best_conf_threshold": 0.35
    },
    "456": {
      "AP": 0.12104835903079703,
      "AP50": 0.26530524133814165,
      "AP75": 0.1118630246073487,
      "APs": 0.1153334874418606,
      "APm": 0.18560775456712772,
      "APl": 0.11210619314691198,
      "AR1": 0.01321015304217992,
      "AR10": 0.07152668906308324,
      "AR100": 0.23032101530421803,
      "ARs": 0.1886114863291257,
      "ARm": 0.4004906771344455,
      "ARl": 0.37035398230088495,
      "Precision": 0.6097570548294674,
      "Recall": 0.5799178798058977,
      "F1": 0.5944632573800914,
      "best_conf_threshold": 0.3
    }
  }
}