{
  "model": "yolov8_obb",
  "seeds": [
    42,
    123,
    456
  ],
  "metrics": {
    "AP": {
      "mean": 0.40137255150813606,
      "std": 0.0013526005593426326
    },
    "AP50": {
      "mean": 0.5805959389030265,
      "std": 0.004709505973060611
    },
    "AP75": {
      "mean": 0.48701639889137766,
      "std": 0.0017378861790349955
    },
    "Precision": {
      "mean": 0.9435542352682784,
      "std": 0.0028576513489394976
    },
    "Recall": {
      "mean": 0.8434783018338946,
      "std": 0.0007478637025643112
    },
    "APs": {
      "mean": 0.35356346840645464,
      "std": 0.0026004483839902398
    },
    "APm": {
      "mean": 0.6301762603949956,
      "std": 0.006725016622082802
    },
    "APl": {
      "mean": 0.34018451761157326,
      "std": 0.005305798949825216
    },
    "AR1": {
      "mean": 0.023048401144705733,
      "std": 7.467545645451675e-05
    },
    "AR10": {
      "mean": 0.12210899589399027,
      "std": 0.0005344204037306797
    },
    "AR100": {
      "mean": 0.43673758865248224,
      "std": 0.0011634685526311216
    },
    "ARs": {
      "mean": 0.37231512102721753,
      "std": 0.0019312336692801854
    },
    "ARm": {
      "mean": 0.7043245011449134,
      "std": 0.00585151267241077
    },
    "ARl": {
      "mean": 0.5293510324483776,
      "std": 0.011460850843694692
    }
  },
  "per_seed": {
    "42": {
      "AP": 0.39967684999962233,
      "AP50": 0.5771162783863931,
      "AP75": 0.4846341821223384,
      "APs": 0.3531396843120278,
      "APm": 0.6290663040434392,
      "APl": 0.3332567817912278,
      "AR1": 0.02295632698768197,
      "AR10": 0.12177678238148562,
      "AR100": 0.43835386338185894,
      "ARs": 0.3737016162839444,
      "ARm": 0.706261040235525,
      "ARl": 0.5442477876106195,
      "Precision": 0.9417662458863901,
      "Recall": 0.8427156072560701,
      "AP_ultralytics": 0.6847851287116612,
      "AP50_ultralytics": 0.8452498284035731
    },
    "123": {
      "AP": 0.4014537604260579,
      "AP50": 0.5774176250213064,
      "AP75": 0.4876839091419222,
      "APs": 0.3506116912266977,
      "APm": 0.6389113834670556,
      "APl": 0.3411519658762184,
      "AR1": 0.023139231056364316,
      "AR10": 0.12168719671519221,
      "AR100": 0.4356625606569615,
      "ARs": 0.36958405142298195,
      "ARm": 0.7103238469087341,
      "ARl": 0.527433628318584,
      "Precision": 0.9413095077150865,
      "Recall": 0.8444942142590519,
      "AP_ultralytics": 0.681274453179536,
      "AP50_ultralytics": 0.8456583179969064
    },
    "456": {
      "AP": 0.402987044098728,
      "AP50": 0.5872539133013799,
      "AP75": 0.48873110540987247,
      "APs": 0.35693902968063845,
      "APm": 0.622551093674492,
      "APl": 0.34614480516727364,
      "AR1": 0.02304964539007092,
      "AR10": 0.122863008585293,
      "AR100": 0.4361963419186264,
      "ARs": 0.3736596953747263,
      "ARm": 0.6963886162904809,
      "ARl": 0.5163716814159292,
      "Precision": 0.9475869522033586,
      "Recall": 0.8432250839865622,
      "AP_ultralytics": 0.6848617455151763,
      "AP50_ultralytics": 0.855964362126066
    }
  }
}