{
  "model": "yolov11_obb",
  "seeds": [
    42,
    123,
    456
  ],
  "metrics": {
    "AP": {
      "mean": 0.4011661619608174,
      "std": 0.0029629423788946913
    },
    "AP50": {
      "mean": 0.5813677577865057,
      "std": 0.004749830048694263
    },
    "AP75": {
      "mean": 0.4801925250799525,
      "std": 0.004752940654434002
    },
    "Precision": {
      "mean": 0.9431599421685251,
      "std": 0.001385130769327061
    },
    "Recall": {
      "mean": 0.8480225975475061,
      "std": 0.0023098264958391775
    },
    "APs": {
      "mean": 0.35386345830854005,
      "std": 0.004275462774451984
    },
    "APm": {
      "mean": 0.6369601075154425,
      "std": 0.0010366164149026177
    },
    "APl": {
      "mean": 0.33885641212798867,
      "std": 0.011904064013751818
    },
    "AR1": {
      "mean": 0.023080751524200572,
      "std": 0.00025053553213693226
    },
    "AR10": {
      "mean": 0.12223839741196964,
      "std": 0.0007674644198633213
    },
    "AR100": {
      "mean": 0.4377280079631703,
      "std": 0.0024236398652656478
    },
    "ARs": {
      "mean": 0.3722359370875837,
      "std": 0.00437094932039267
    },
    "ARm": {
      "mean": 0.709473339875695,
      "std": 0.005258431176230354
    },
    "ARl": {
      "mean": 0.5358407079646018,
      "std": 0.031202273184511086
    }
  },
  "per_seed": {
    "42": {
      "AP": 0.4014706796872749,
      "AP50": 0.578367336477035,
      "AP75": 0.4849015467898941,
      "APs": 0.3526696661711046,
      "APm": 0.6373962751960074,
      "APl": 0.35565425571912046,
      "AR1": 0.022881672265770807,
      "AR10": 0.12232549458753268,
      "AR100": 0.4375027995520718,
      "ARs": 0.37154036051981926,
      "ARm": 0.7092639842983317,
      "ARl": 0.5792035398230089,
      "Precision": 0.9416277164323963,
      "Recall": 0.8512877939529675,
      "AP_ultralytics": 0.6849854672102647,
      "AP50_ultralytics": 0.8467687168907547
    },
    "123": {
      "AP": 0.40463315620101764,
      "AP50": 0.5880727193681803,
      "AP75": 0.48199186824243717,
      "APs": 0.3595936299546094,
      "APm": 0.6355299268542373,
      "APl": 0.3314241588801451,
      "AR1": 0.023434117207913403,
      "AR10": 0.1231317655841732,
      "AR100": 0.4408025382605449,
      "ARs": 0.3779030229633425,
      "ARm": 0.7031403336604514,
      "ARl": 0.5070796460176991,
      "Precision": 0.9428691283161574,
      "Recall": 0.8464725643896976,
      "AP_ultralytics": 0.6845919580402583,
      "AP50_ultralytics": 0.8464326615197473
    },
    "456": {
      "AP": 0.39739464999415974,
      "AP50": 0.577663217514302,
      "AP75": 0.4736841602075262,
      "APs": 0.3493270787999061,
      "APm": 0.637954120496083,
      "APl": 0.3294908217847004,
      "AR1": 0.02292646509891751,
      "AR10": 0.12125793206420306,
      "AR100": 0.4348786860768944,
      "ARs": 0.36726442777958923,
      "ARm": 0.7160157016683022,
      "ARl": 0.5212389380530973,
      "Precision": 0.9449829817570216,
      "Recall": 0.8463074342998534,
      "AP_ultralytics": 0.6840272037663315,
      "AP50_ultralytics": 0.8461385918683497
    }
  }
}