{
  "model": "yolov26_obb",
  "seeds": [
    42,
    123,
    456
  ],
  "metrics": {
    "AP": {
      "mean": 0.3828932634209877,
      "std": 0.0012471894678369125
    },
    "AP50": {
      "mean": 0.5673551210696824,
      "std": 0.00019333024718368606
    },
    "AP75": {
      "mean": 0.4620364259469208,
      "std": 0.0008473841669424574
    },
    "Precision": {
      "mean": 0.9320675321699383,
      "std": 0.0025437454037492806
    },
    "Recall": {
      "mean": 0.8201379457434884,
      "std": 0.0014613017985459647
    },
    "APs": {
      "mean": 0.34093754160881673,
      "std": 0.0022799778106866817
    },
    "APm": {
      "mean": 0.5786856267019501,
      "std": 0.004658864110844065
    },
    "APl": {
      "mean": 0.33099038644377593,
      "std": 0.013549240554630363
    },
    "AR1": {
      "mean": 0.02238521836506159,
      "std": 8.495563028548796e-05
    },
    "AR10": {
      "mean": 0.11657956949110365,
      "std": 0.0006103248643127411
    },
    "AR100": {
      "mean": 0.4195334079880553,
      "std": 0.0016070053892138635
    },
    "ARs": {
      "mean": 0.36098715978076923,
      "std": 0.002802387619047078
    },
    "ARm": {
      "mean": 0.6613673536146548,
      "std": 0.0033693988956792135
    },
    "ARl": {
      "mean": 0.5387905604719764,
      "std": 0.014984844256210947
    }
  },
  "per_seed": {
    "42": {
      "AP": 0.38148279006600916,
      "AP50": 0.5671581911254581,
      "AP75": 0.4613721985135963,
      "APs": 0.33828707695259824,
      "APm": 0.5839044432761469,
      "APl": 0.34699640166511214,
      "AR1": 0.022456140350877195,
      "AR10": 0.11571855169839491,
      "AR100": 0.4173198954833893,
      "ARs": 0.3571009362336392,
      "ARm": 0.6658684985279686,
      "ARl": 0.5433628318584071,
      "Precision": 0.9346381103143853,
      "Recall": 0.8182543584040326,
      "AP_ultralytics": 0.65463000825509,
      "AP50_ultralytics": 0.8256266047246759
    },
    "123": {
      "AP": 0.38451564024000207,
      "AP50": 0.5672893337221308,
      "AP75": 0.4632323633303065,
      "APs": 0.34385297079751836,
      "APm": 0.5725933334930329,
      "APl": 0.313864414021073,
      "AR1": 0.02243374393430384,
      "AR10": 0.11706233669279582,
      "AR100": 0.42108622620380737,
      "ARs": 0.3636033350412222,
      "ARm": 0.6577625122669284,
      "ARl": 0.554424778761062,
      "Precision": 0.9286027805444435,
      "Recall": 0.8203434117207914,
      "AP_ultralytics": 0.6579746444492235,
      "AP50_ultralytics": 0.8342876121390069
    },
    "456": {
      "AP": 0.3826813599569519,
      "AP50": 0.5676178383614586,
      "AP75": 0.46150471599685966,
      "APs": 0.3406725770763335,
      "APm": 0.5795591033366706,
      "APl": 0.3321103436451425,
      "AR1": 0.02226577081000373,
      "AR10": 0.11695782008212022,
      "AR100": 0.42019410227696896,
      "ARs": 0.3622572080674461,
      "ARm": 0.6604710500490676,
      "ARl": 0.5185840707964602,
      "Precision": 0.9329617056509861,
      "Recall": 0.8218160671056413,
      "AP_ultralytics": 0.6575044675324877,
      "AP50_ultralytics": 0.8260349721109347
    }
  }
}